EmployeeID,Employee Name,Period End Date,Pay Frequency,Location,Number of,Description,Hours,Amount
"[4,0]","[4,1]","[7,0]","[7,1]","[7,3]",,"[7,5]","[7,10]","[7,11]"
"[4,0]","[4,1]","[8,0]","[8,1]","[8,3]","[8,4]",,,
"[4,0]","[4,1]","[8,0]","[8,1]","[8,3]","[8,4]","[9,5]","[9,10]","[9,11]"
"[4,0]","[4,1]","[8,0]","[8,1]","[8,3]","[8,4]","[10,5]","[10,10]","[10,11]"
"[4,0]","[4,1]","[8,0]","[8,1]","[8,3]","[8,4]","[11,5]","[11,10]","[11,11]"
"[4,0]","[4,1]","[8,0]","[8,1]","[8,3]","[8,4]","[12,5]","[12,10]","[12,11]"
"[4,0]","[4,1]","[13,0]","[13,1]","[13,3]","[13,4]",,,
"[4,0]","[4,1]","[13,0]","[13,1]","[13,3]","[13,4]","[14,5]","[14,10]","[14,11]"
"[4,0]","[4,1]","[13,0]","[13,1]","[13,3]","[13,4]","[15,5]","[15,10]","[15,11]"
"[4,0]","[4,1]","[13,0]","[13,1]","[13,3]","[13,4]","[16,5]","[16,10]","[16,11]"
"[4,0]","[4,1]","[13,0]","[13,1]","[13,3]","[13,4]","[17,5]","[17,10]","[17,11]"
"[4,0]","[4,1]","[13,0]","[13,1]","[13,3]","[13,4]","[18,5]","[18,10]","[18,11]"
"[4,0]","[4,1]","[19,0]","[19,1]","[19,3]","[19,4]",,,
"[4,0]","[4,1]","[19,0]","[19,1]","[19,3]","[19,4]","[20,5]","[20,10]","[20,11]"
"[4,0]","[4,1]","[19,0]","[19,1]","[19,3]","[19,4]","[21,5]","[21,10]","[21,11]"
"[4,0]","[4,1]","[19,0]","[19,1]","[19,3]","[19,4]","[22,5]","[22,10]","[22,11]"
"[4,0]","[4,1]","[19,0]","[19,1]","[19,3]","[19,4]","[23,5]","[23,10]","[23,11]"
"[4,0]","[4,1]","[19,0]","[19,1]","[19,3]","[19,4]","[24,5]","[24,10]","[24,11]"
"[4,0]","[4,1]","[19,0]","[19,1]","[19,3]","[19,4]","[26,5]",,
"[4,0]","[4,1]","[19,0]","[19,1]","[19,3]","[19,4]","[27,5]",,
"[30,0]","[30,1]","[33,0]","[33,1]","[33,3]",,"[33,5]","[33,10]","[33,11]"
"[30,0]","[30,1]","[34,0]","[34,1]","[34,3]","[34,4]",,,
"[30,0]","[30,1]","[34,0]","[34,1]","[34,3]","[34,4]","[35,5]","[35,10]","[35,11]"
"[30,0]","[30,1]","[34,0]","[34,1]","[34,3]","[34,4]","[36,5]","[36,10]","[36,11]"
"[30,0]","[30,1]","[34,0]","[34,1]","[34,3]","[34,4]","[37,5]","[37,10]","[37,11]"
"[30,0]","[30,1]","[34,0]","[34,1]","[34,3]","[34,4]","[38,5]","[38,10]","[38,11]"
"[30,0]","[30,1]","[34,0]","[34,1]","[34,3]","[34,4]","[39,5]","[39,10]","[39,11]"
"[30,0]","[30,1]","[40,0]","[40,1]","[40,3]","[40,4]",,,
"[30,0]","[30,1]","[40,0]","[40,1]","[40,3]","[40,4]","[41,5]","[41,10]","[41,11]"
"[30,0]","[30,1]","[40,0]","[40,1]","[40,3]","[40,4]","[42,5]","[42,10]","[42,11]"
"[30,0]","[30,1]","[40,0]","[40,1]","[40,3]","[40,4]","[43,5]","[43,10]","[43,11]"
"[30,0]","[30,1]","[40,0]","[40,1]","[40,3]","[40,4]","[44,5]","[44,10]","[44,11]"
"[30,0]","[30,1]","[40,0]","[40,1]","[40,3]","[40,4]","[45,5]","[45,10]","[45,11]"
"[30,0]","[30,1]","[46,0]","[46,1]","[46,3]","[46,4]",,,
"[30,0]","[30,1]","[46,0]","[46,1]","[46,3]","[46,4]","[47,5]","[47,10]","[47,11]"
"[30,0]","[30,1]","[46,0]","[46,1]","[46,3]","[46,4]","[48,5]","[48,10]","[48,11]"
"[30,0]","[30,1]","[46,0]","[46,1]","[46,3]","[46,4]","[49,5]","[49,10]","[49,11]"
"[30,0]","[30,1]","[46,0]","[46,1]","[46,3]","[46,4]","[50,5]","[50,10]","[50,11]"
"[30,0]","[30,1]","[46,0]","[46,1]","[46,3]","[46,4]","[51,5]","[51,10]","[51,11]"
"[30,0]","[30,1]","[46,0]","[46,1]","[46,3]","[46,4]","[52,5]","[52,10]","[52,11]"
"[30,0]","[30,1]","[46,0]","[46,1]","[46,3]","[46,4]","[54,5]",,
"[30,0]","[30,1]","[46,0]","[46,1]","[46,3]","[46,4]","[55,5]",,
"[58,0]","[58,1]","[61,0]","[61,1]","[61,3]",,"[61,5]","[61,10]","[61,11]"
"[58,0]","[58,1]","[62,0]","[62,1]","[62,3]","[62,4]",,,
"[58,0]","[58,1]","[62,0]","[62,1]","[62,3]","[62,4]","[63,5]","[63,10]","[63,11]"
"[58,0]","[58,1]","[62,0]","[62,1]","[62,3]","[62,4]","[64,5]","[64,10]","[64,11]"
"[58,0]","[58,1]","[62,0]","[62,1]","[62,3]","[62,4]","[65,5]","[65,10]","[65,11]"
"[58,0]","[58,1]","[62,0]","[62,1]","[62,3]","[62,4]","[66,5]","[66,10]","[66,11]"
"[58,0]","[58,1]","[62,0]","[62,1]","[62,3]","[62,4]","[67,5]","[67,10]","[67,11]"
"[58,0]","[58,1]","[68,0]","[68,1]","[68,3]","[68,4]",,,
"[58,0]","[58,1]","[68,0]","[68,1]","[68,3]","[68,4]","[69,5]","[69,10]","[69,11]"
"[58,0]","[58,1]","[68,0]","[68,1]","[68,3]","[68,4]","[70,5]","[70,10]","[70,11]"
"[58,0]","[58,1]","[68,0]","[68,1]","[68,3]","[68,4]","[71,5]","[71,10]","[71,11]"
"[58,0]","[58,1]","[68,0]","[68,1]","[68,3]","[68,4]","[72,5]","[72,10]","[72,11]"
"[58,0]","[58,1]","[68,0]","[68,1]","[68,3]","[68,4]","[73,5]","[73,10]","[73,11]"
"[58,0]","[58,1]","[74,0]","[74,1]","[74,3]","[74,4]",,,
"[58,0]","[58,1]","[74,0]","[74,1]","[74,3]","[74,4]","[75,5]","[75,10]","[75,11]"
"[58,0]","[58,1]","[74,0]","[74,1]","[74,3]","[74,4]","[76,5]","[76,10]","[76,11]"
"[58,0]","[58,1]","[74,0]","[74,1]","[74,3]","[74,4]","[77,5]","[77,10]","[77,11]"
"[58,0]","[58,1]","[74,0]","[74,1]","[74,3]","[74,4]","[78,5]","[78,10]","[78,11]"
"[58,0]","[58,1]","[74,0]","[74,1]","[74,3]","[74,4]","[79,5]","[79,10]","[79,11]"
"[58,0]","[58,1]","[74,0]","[74,1]","[74,3]","[74,4]","[81,5]",,
"[58,0]","[58,1]","[74,0]","[74,1]","[74,3]","[74,4]","[82,5]",,
"[85,0]","[85,1]","[88,0]","[88,1]","[88,3]",,"[88,5]","[88,10]","[88,11]"
"[85,0]","[85,1]","[89,0]","[89,1]","[89,3]","[89,4]",,,
"[85,0]","[85,1]","[89,0]","[89,1]","[89,3]","[89,4]","[90,5]","[90,10]","[90,11]"
"[85,0]","[85,1]","[89,0]","[89,1]","[89,3]","[89,4]","[91,5]","[91,10]","[91,11]"
"[85,0]","[85,1]","[89,0]","[89,1]","[89,3]","[89,4]","[92,5]","[92,10]","[92,11]"
"[85,0]","[85,1]","[89,0]","[89,1]","[89,3]","[89,4]","[93,5]","[93,10]","[93,11]"
"[85,0]","[85,1]","[89,0]","[89,1]","[89,3]","[89,4]","[94,5]","[94,10]","[94,11]"
"[85,0]","[85,1]","[89,0]","[89,1]","[89,3]","[89,4]","[95,5]","[95,10]","[95,11]"
"[85,0]","[85,1]","[96,0]","[96,1]","[96,3]","[96,4]",,,
"[85,0]","[85,1]","[96,0]","[96,1]","[96,3]","[96,4]","[97,5]","[97,10]","[97,11]"
"[85,0]","[85,1]","[96,0]","[96,1]","[96,3]","[96,4]","[98,5]","[98,10]","[98,11]"
"[85,0]","[85,1]","[96,0]","[96,1]","[96,3]","[96,4]","[99,5]","[99,10]","[99,11]"
"[85,0]","[85,1]","[96,0]","[96,1]","[96,3]","[96,4]","[100,5]","[100,10]","[100,11]"
"[85,0]","[85,1]","[96,0]","[96,1]","[96,3]","[96,4]","[101,5]","[101,10]","[101,11]"
"[85,0]","[85,1]","[96,0]","[96,1]","[96,3]","[96,4]","[102,5]","[102,10]","[102,11]"
"[85,0]","[85,1]","[96,0]","[96,1]","[96,3]","[96,4]","[103,5]","[103,10]","[103,11]"
"[85,0]","[85,1]","[104,0]","[104,1]","[104,3]","[104,4]",,,
"[85,0]","[85,1]","[104,0]","[104,1]","[104,3]","[104,4]","[105,5]","[105,10]","[105,11]"
"[85,0]","[85,1]","[104,0]","[104,1]","[104,3]","[104,4]","[106,5]","[106,10]","[106,11]"
"[85,0]","[85,1]","[104,0]","[104,1]","[104,3]","[104,4]","[107,5]","[107,10]","[107,11]"
"[85,0]","[85,1]","[104,0]","[104,1]","[104,3]","[104,4]","[108,5]","[108,10]","[108,11]"
"[85,0]","[85,1]","[104,0]","[104,1]","[104,3]","[104,4]","[109,5]","[109,10]","[109,11]"
"[85,0]","[85,1]","[104,0]","[104,1]","[104,3]","[104,4]","[110,5]","[110,10]","[110,11]"
"[85,0]","[85,1]","[104,0]","[104,1]","[104,3]","[104,4]","[112,5]",,
"[85,0]","[85,1]","[104,0]","[104,1]","[104,3]","[104,4]","[113,5]",,
"[116,0]","[116,1]","[119,0]","[119,1]","[119,3]",,"[119,5]","[119,10]","[119,11]"
"[116,0]","[116,1]","[120,0]","[120,1]","[120,3]","[120,4]",,,
"[116,0]","[116,1]","[120,0]","[120,1]","[120,3]","[120,4]","[121,5]","[121,10]","[121,11]"
"[116,0]","[116,1]","[120,0]","[120,1]","[120,3]","[120,4]","[122,5]","[122,10]","[122,11]"
"[116,0]","[116,1]","[120,0]","[120,1]","[120,3]","[120,4]","[123,5]","[123,10]","[123,11]"
"[116,0]","[116,1]","[120,0]","[120,1]","[120,3]","[120,4]","[124,5]","[124,10]","[124,11]"
"[116,0]","[116,1]","[125,0]","[125,1]","[125,3]","[125,4]",,,
"[116,0]","[116,1]","[125,0]","[125,1]","[125,3]","[125,4]","[126,5]","[126,10]","[126,11]"
"[116,0]","[116,1]","[125,0]","[125,1]","[125,3]","[125,4]","[127,5]","[127,10]","[127,11]"
"[116,0]","[116,1]","[125,0]","[125,1]","[125,3]","[125,4]","[128,5]","[128,10]","[128,11]"
"[116,0]","[116,1]","[125,0]","[125,1]","[125,3]","[125,4]","[129,5]","[129,10]","[129,11]"
"[116,0]","[116,1]","[125,0]","[125,1]","[125,3]","[125,4]","[130,5]","[130,10]","[130,11]"
"[116,0]","[116,1]","[131,0]","[131,1]","[131,3]","[131,4]",,,
"[116,0]","[116,1]","[131,0]","[131,1]","[131,3]","[131,4]","[132,5]","[132,10]","[132,11]"
"[116,0]","[116,1]","[131,0]","[131,1]","[131,3]","[131,4]","[133,5]","[133,10]","[133,11]"
"[116,0]","[116,1]","[131,0]","[131,1]","[131,3]","[131,4]","[134,5]","[134,10]","[134,11]"
"[116,0]","[116,1]","[131,0]","[131,1]","[131,3]","[131,4]","[135,5]","[135,10]","[135,11]"
"[116,0]","[116,1]","[131,0]","[131,1]","[131,3]","[131,4]","[136,5]","[136,10]","[136,11]"
"[116,0]","[116,1]","[137,0]","[137,1]","[137,3]","[137,4]",,,
"[116,0]","[116,1]","[137,0]","[137,1]","[137,3]","[137,4]","[138,5]","[138,10]","[138,11]"
"[116,0]","[116,1]","[137,0]","[137,1]","[137,3]","[137,4]","[139,5]","[139,10]","[139,11]"
"[116,0]","[116,1]","[137,0]","[137,1]","[137,3]","[137,4]","[140,5]","[140,10]","[140,11]"
"[116,0]","[116,1]","[137,0]","[137,1]","[137,3]","[137,4]","[142,5]",,
"[116,0]","[116,1]","[137,0]","[137,1]","[137,3]","[137,4]","[143,5]",,
"[146,0]","[146,1]","[149,0]","[149,1]","[149,3]",,"[149,5]","[149,10]","[149,11]"
"[146,0]","[146,1]","[150,0]","[150,1]","[150,3]","[150,4]",,,
"[146,0]","[146,1]","[150,0]","[150,1]","[150,3]","[150,4]","[151,5]","[151,10]","[151,11]"
"[146,0]","[146,1]","[150,0]","[150,1]","[150,3]","[150,4]","[152,5]","[152,10]","[152,11]"
"[146,0]","[146,1]","[150,0]","[150,1]","[150,3]","[150,4]","[153,5]","[153,10]","[153,11]"
"[146,0]","[146,1]","[150,0]","[150,1]","[150,3]","[150,4]","[154,5]","[154,10]","[154,11]"
"[146,0]","[146,1]","[150,0]","[150,1]","[150,3]","[150,4]","[155,5]","[155,10]","[155,11]"
"[146,0]","[146,1]","[150,0]","[150,1]","[150,3]","[150,4]","[156,5]","[156,10]","[156,11]"
"[146,0]","[146,1]","[157,0]","[157,1]","[157,3]","[157,4]",,,
"[146,0]","[146,1]","[157,0]","[157,1]","[157,3]","[157,4]","[158,5]","[158,10]","[158,11]"
"[146,0]","[146,1]","[157,0]","[157,1]","[157,3]","[157,4]","[159,5]","[159,10]","[159,11]"
"[146,0]","[146,1]","[157,0]","[157,1]","[157,3]","[157,4]","[160,5]","[160,10]","[160,11]"
"[146,0]","[146,1]","[157,0]","[157,1]","[157,3]","[157,4]","[161,5]","[161,10]","[161,11]"
"[146,0]","[146,1]","[157,0]","[157,1]","[157,3]","[157,4]","[162,5]","[162,10]","[162,11]"
"[146,0]","[146,1]","[157,0]","[157,1]","[157,3]","[157,4]","[163,5]","[163,10]","[163,11]"
"[146,0]","[146,1]","[157,0]","[157,1]","[157,3]","[157,4]","[164,5]","[164,10]","[164,11]"
"[146,0]","[146,1]","[157,0]","[157,1]","[157,3]","[157,4]","[166,5]",,
"[146,0]","[146,1]","[157,0]","[157,1]","[157,3]","[157,4]","[167,5]",,
"[170,0]","[170,1]","[173,0]","[173,1]","[173,3]",,"[173,5]","[173,10]","[173,11]"
"[170,0]","[170,1]","[174,0]","[174,1]","[174,3]","[174,4]",,,
"[170,0]","[170,1]","[174,0]","[174,1]","[174,3]","[174,4]","[175,5]","[175,10]","[175,11]"
"[170,0]","[170,1]","[174,0]","[174,1]","[174,3]","[174,4]","[176,5]","[176,10]","[176,11]"
"[170,0]","[170,1]","[174,0]","[174,1]","[174,3]","[174,4]","[177,5]","[177,10]","[177,11]"
"[170,0]","[170,1]","[174,0]","[174,1]","[174,3]","[174,4]","[178,5]","[178,10]","[178,11]"
"[170,0]","[170,1]","[174,0]","[174,1]","[174,3]","[174,4]","[179,5]","[179,10]","[179,11]"
"[170,0]","[170,1]","[174,0]","[174,1]","[174,3]","[174,4]","[180,5]","[180,10]","[180,11]"
"[170,0]","[170,1]","[181,0]","[181,1]","[181,3]","[181,4]",,,
"[170,0]","[170,1]","[181,0]","[181,1]","[181,3]","[181,4]","[182,5]","[182,10]","[182,11]"
"[170,0]","[170,1]","[181,0]","[181,1]","[181,3]","[181,4]","[183,5]","[183,10]","[183,11]"
"[170,0]","[170,1]","[181,0]","[181,1]","[181,3]","[181,4]","[184,5]","[184,10]","[184,11]"
"[170,0]","[170,1]","[181,0]","[181,1]","[181,3]","[181,4]","[185,5]","[185,10]","[185,11]"
"[170,0]","[170,1]","[181,0]","[181,1]","[181,3]","[181,4]","[186,5]","[186,10]","[186,11]"
"[170,0]","[170,1]","[187,0]","[187,1]","[187,3]","[187,4]",,,
"[170,0]","[170,1]","[187,0]","[187,1]","[187,3]","[187,4]","[188,5]","[188,10]","[188,11]"
"[170,0]","[170,1]","[187,0]","[187,1]","[187,3]","[187,4]","[189,5]","[189,10]","[189,11]"
"[170,0]","[170,1]","[187,0]","[187,1]","[187,3]","[187,4]","[190,5]","[190,10]","[190,11]"
"[170,0]","[170,1]","[187,0]","[187,1]","[187,3]","[187,4]","[191,5]","[191,10]","[191,11]"
"[170,0]","[170,1]","[187,0]","[187,1]","[187,3]","[187,4]","[192,5]","[192,10]","[192,11]"
"[170,0]","[170,1]","[187,0]","[187,1]","[187,3]","[187,4]","[194,5]",,
"[170,0]","[170,1]","[187,0]","[187,1]","[187,3]","[187,4]","[195,5]",,
"[198,0]","[198,1]","[201,0]","[201,1]","[201,3]",,"[201,5]","[201,10]","[201,11]"
"[198,0]","[198,1]","[202,0]","[202,1]","[202,3]","[202,4]",,,
"[198,0]","[198,1]","[202,0]","[202,1]","[202,3]","[202,4]","[203,5]","[203,10]","[203,11]"
"[198,0]","[198,1]","[202,0]","[202,1]","[202,3]","[202,4]","[204,5]","[204,10]","[204,11]"
"[198,0]","[198,1]","[202,0]","[202,1]","[202,3]","[202,4]","[205,5]","[205,10]","[205,11]"
"[198,0]","[198,1]","[202,0]","[202,1]","[202,3]","[202,4]","[206,5]","[206,10]","[206,11]"
"[198,0]","[198,1]","[202,0]","[202,1]","[202,3]","[202,4]","[207,5]","[207,10]","[207,11]"
"[198,0]","[198,1]","[202,0]","[202,1]","[202,3]","[202,4]","[208,5]","[208,10]","[208,11]"
"[198,0]","[198,1]","[202,0]","[202,1]","[202,3]","[202,4]","[209,5]","[209,10]","[209,11]"
"[198,0]","[198,1]","[210,0]","[210,1]","[210,3]","[210,4]",,,
"[198,0]","[198,1]","[210,0]","[210,1]","[210,3]","[210,4]","[211,5]","[211,10]","[211,11]"
"[198,0]","[198,1]","[210,0]","[210,1]","[210,3]","[210,4]","[212,5]","[212,10]","[212,11]"
"[198,0]","[198,1]","[210,0]","[210,1]","[210,3]","[210,4]","[213,5]","[213,10]","[213,11]"
"[198,0]","[198,1]","[210,0]","[210,1]","[210,3]","[210,4]","[214,5]","[214,10]","[214,11]"
"[198,0]","[198,1]","[210,0]","[210,1]","[210,3]","[210,4]","[215,5]","[215,10]","[215,11]"
"[198,0]","[198,1]","[210,0]","[210,1]","[210,3]","[210,4]","[216,5]","[216,10]","[216,11]"
"[198,0]","[198,1]","[210,0]","[210,1]","[210,3]","[210,4]","[217,5]","[217,10]","[217,11]"
"[198,0]","[198,1]","[218,0]","[218,1]","[218,3]","[218,4]",,,
"[198,0]","[198,1]","[218,0]","[218,1]","[218,3]","[218,4]","[219,5]","[219,10]","[219,11]"
"[198,0]","[198,1]","[218,0]","[218,1]","[218,3]","[218,4]","[220,5]","[220,10]","[220,11]"
"[198,0]","[198,1]","[218,0]","[218,1]","[218,3]","[218,4]","[221,5]","[221,10]","[221,11]"
"[198,0]","[198,1]","[218,0]","[218,1]","[218,3]","[218,4]","[222,5]","[222,10]","[222,11]"
"[198,0]","[198,1]","[218,0]","[218,1]","[218,3]","[218,4]","[223,5]","[223,10]","[223,11]"
"[198,0]","[198,1]","[218,0]","[218,1]","[218,3]","[218,4]","[225,5]",,
"[198,0]","[198,1]","[218,0]","[218,1]","[218,3]","[218,4]","[226,5]",,
"[229,0]","[229,1]","[232,0]","[232,1]","[232,3]",,"[232,5]","[232,10]","[232,11]"
"[229,0]","[229,1]","[233,0]","[233,1]","[233,3]","[233,4]",,,
"[229,0]","[229,1]","[233,0]","[233,1]","[233,3]","[233,4]","[234,5]","[234,10]","[234,11]"
"[229,0]","[229,1]","[233,0]","[233,1]","[233,3]","[233,4]","[235,5]","[235,10]","[235,11]"
"[229,0]","[229,1]","[233,0]","[233,1]","[233,3]","[233,4]","[236,5]","[236,10]","[236,11]"
"[229,0]","[229,1]","[233,0]","[233,1]","[233,3]","[233,4]","[237,5]","[237,10]","[237,11]"
"[229,0]","[229,1]","[238,0]","[238,1]","[238,3]","[238,4]",,,
"[229,0]","[229,1]","[238,0]","[238,1]","[238,3]","[238,4]","[239,5]","[239,10]","[239,11]"
"[229,0]","[229,1]","[238,0]","[238,1]","[238,3]","[238,4]","[240,5]","[240,10]","[240,11]"
"[229,0]","[229,1]","[238,0]","[238,1]","[238,3]","[238,4]","[241,5]","[241,10]","[241,11]"
"[229,0]","[229,1]","[238,0]","[238,1]","[238,3]","[238,4]","[242,5]","[242,10]","[242,11]"
"[229,0]","[229,1]","[243,0]","[243,1]","[243,3]","[243,4]",,,
"[229,0]","[229,1]","[243,0]","[243,1]","[243,3]","[243,4]","[244,5]","[244,10]","[244,11]"
"[229,0]","[229,1]","[243,0]","[243,1]","[243,3]","[243,4]","[245,5]","[245,10]","[245,11]"
"[229,0]","[229,1]","[243,0]","[243,1]","[243,3]","[243,4]","[246,5]","[246,10]","[246,11]"
"[229,0]","[229,1]","[243,0]","[243,1]","[243,3]","[243,4]","[247,5]","[247,10]","[247,11]"
"[229,0]","[229,1]","[248,0]","[248,1]","[248,3]","[248,4]",,,
"[229,0]","[229,1]","[248,0]","[248,1]","[248,3]","[248,4]","[249,5]","[249,10]","[249,11]"
"[229,0]","[229,1]","[248,0]","[248,1]","[248,3]","[248,4]","[250,5]","[250,10]","[250,11]"
"[229,0]","[229,1]","[248,0]","[248,1]","[248,3]","[248,4]","[251,5]","[251,10]","[251,11]"
"[229,0]","[229,1]","[248,0]","[248,1]","[248,3]","[248,4]","[252,5]","[252,10]","[252,11]"
"[229,0]","[229,1]","[248,0]","[248,1]","[248,3]","[248,4]","[254,5]",,
"[229,0]","[229,1]","[248,0]","[248,1]","[248,3]","[248,4]","[255,5]",,
"[258,0]","[258,1]","[261,0]","[261,1]","[261,3]",,"[261,5]","[261,10]","[261,11]"
"[258,0]","[258,1]","[262,0]","[262,1]","[262,3]","[262,4]",,,
"[258,0]","[258,1]","[262,0]","[262,1]","[262,3]","[262,4]","[263,5]","[263,10]","[263,11]"
"[258,0]","[258,1]","[262,0]","[262,1]","[262,3]","[262,4]","[264,5]","[264,10]","[264,11]"
"[258,0]","[258,1]","[262,0]","[262,1]","[262,3]","[262,4]","[265,5]","[265,10]","[265,11]"
"[258,0]","[258,1]","[262,0]","[262,1]","[262,3]","[262,4]","[266,5]","[266,10]","[266,11]"
"[258,0]","[258,1]","[267,0]","[267,1]","[267,3]","[267,4]",,,
"[258,0]","[258,1]","[267,0]","[267,1]","[267,3]","[267,4]","[268,5]","[268,10]","[268,11]"
"[258,0]","[258,1]","[267,0]","[267,1]","[267,3]","[267,4]","[269,5]","[269,10]","[269,11]"
"[258,0]","[258,1]","[267,0]","[267,1]","[267,3]","[267,4]","[270,5]","[270,10]","[270,11]"
"[258,0]","[258,1]","[267,0]","[267,1]","[267,3]","[267,4]","[271,5]","[271,10]","[271,11]"
"[258,0]","[258,1]","[272,0]","[272,1]","[272,3]","[272,4]",,,
"[258,0]","[258,1]","[272,0]","[272,1]","[272,3]","[272,4]","[273,5]","[273,10]","[273,11]"
"[258,0]","[258,1]","[272,0]","[272,1]","[272,3]","[272,4]","[274,5]","[274,10]","[274,11]"
"[258,0]","[258,1]","[272,0]","[272,1]","[272,3]","[272,4]","[275,5]","[275,10]","[275,11]"
"[258,0]","[258,1]","[272,0]","[272,1]","[272,3]","[272,4]","[276,5]","[276,10]","[276,11]"
"[258,0]","[258,1]","[272,0]","[272,1]","[272,3]","[272,4]","[277,5]","[277,10]","[277,11]"
"[258,0]","[258,1]","[278,0]","[278,1]","[278,3]","[278,4]",,,
"[258,0]","[258,1]","[278,0]","[278,1]","[278,3]","[278,4]","[279,5]","[279,10]","[279,11]"
"[258,0]","[258,1]","[278,0]","[278,1]","[278,3]","[278,4]","[280,5]","[280,10]","[280,11]"
"[258,0]","[258,1]","[278,0]","[278,1]","[278,3]","[278,4]","[281,5]","[281,10]","[281,11]"
"[258,0]","[258,1]","[278,0]","[278,1]","[278,3]","[278,4]","[282,5]","[282,10]","[282,11]"
"[258,0]","[258,1]","[278,0]","[278,1]","[278,3]","[278,4]","[283,5]","[283,10]","[283,11]"
"[258,0]","[258,1]","[278,0]","[278,1]","[278,3]","[278,4]","[284,5]","[284,10]","[284,11]"
"[258,0]","[258,1]","[278,0]","[278,1]","[278,3]","[278,4]","[286,5]",,
"[258,0]","[258,1]","[278,0]","[278,1]","[278,3]","[278,4]","[287,5]",,
"[290,0]","[290,1]","[293,0]","[293,1]","[293,3]",,"[293,5]","[293,10]","[293,11]"
"[290,0]","[290,1]","[294,0]","[294,1]","[294,3]","[294,4]",,,
"[290,0]","[290,1]","[294,0]","[294,1]","[294,3]","[294,4]","[295,5]","[295,10]","[295,11]"
"[290,0]","[290,1]","[294,0]","[294,1]","[294,3]","[294,4]","[296,5]","[296,10]","[296,11]"
"[290,0]","[290,1]","[294,0]","[294,1]","[294,3]","[294,4]","[297,5]","[297,10]","[297,11]"
"[290,0]","[290,1]","[294,0]","[294,1]","[294,3]","[294,4]","[298,5]","[298,10]","[298,11]"
"[290,0]","[290,1]","[294,0]","[294,1]","[294,3]","[294,4]","[299,5]","[299,10]","[299,11]"
"[290,0]","[290,1]","[300,0]","[300,1]","[300,3]","[300,4]",,,
"[290,0]","[290,1]","[300,0]","[300,1]","[300,3]","[300,4]","[301,5]","[301,10]","[301,11]"
"[290,0]","[290,1]","[300,0]","[300,1]","[300,3]","[300,4]","[302,5]","[302,10]","[302,11]"
"[290,0]","[290,1]","[300,0]","[300,1]","[300,3]","[300,4]","[303,5]","[303,10]","[303,11]"
"[290,0]","[290,1]","[300,0]","[300,1]","[300,3]","[300,4]","[304,5]","[304,10]","[304,11]"
"[290,0]","[290,1]","[300,0]","[300,1]","[300,3]","[300,4]","[305,5]","[305,10]","[305,11]"
"[290,0]","[290,1]","[306,0]","[306,1]","[306,3]","[306,4]",,,
"[290,0]","[290,1]","[306,0]","[306,1]","[306,3]","[306,4]","[307,5]","[307,10]","[307,11]"
"[290,0]","[290,1]","[306,0]","[306,1]","[306,3]","[306,4]","[308,5]","[308,10]","[308,11]"
"[290,0]","[290,1]","[306,0]","[306,1]","[306,3]","[306,4]","[309,5]","[309,10]","[309,11]"
"[290,0]","[290,1]","[306,0]","[306,1]","[306,3]","[306,4]","[310,5]","[310,10]","[310,11]"
"[290,0]","[290,1]","[306,0]","[306,1]","[306,3]","[306,4]","[311,5]","[311,10]","[311,11]"
"[290,0]","[290,1]","[306,0]","[306,1]","[306,3]","[306,4]","[313,5]",,
"[290,0]","[290,1]","[306,0]","[306,1]","[306,3]","[306,4]","[314,5]",,
"[317,0]","[317,1]","[320,0]","[320,1]","[320,3]",,"[320,5]","[320,10]","[320,11]"
"[317,0]","[317,1]","[321,0]","[321,1]","[321,3]","[321,4]",,,
"[317,0]","[317,1]","[321,0]","[321,1]","[321,3]","[321,4]","[322,5]","[322,10]","[322,11]"
"[317,0]","[317,1]","[321,0]","[321,1]","[321,3]","[321,4]","[323,5]","[323,10]","[323,11]"
"[317,0]","[317,1]","[321,0]","[321,1]","[321,3]","[321,4]","[324,5]","[324,10]","[324,11]"
"[317,0]","[317,1]","[321,0]","[321,1]","[321,3]","[321,4]","[325,5]","[325,10]","[325,11]"
"[317,0]","[317,1]","[326,0]","[326,1]","[326,3]","[326,4]",,,
"[317,0]","[317,1]","[326,0]","[326,1]","[326,3]","[326,4]","[327,5]","[327,10]","[327,11]"
"[317,0]","[317,1]","[326,0]","[326,1]","[326,3]","[326,4]","[328,5]","[328,10]","[328,11]"
"[317,0]","[317,1]","[326,0]","[326,1]","[326,3]","[326,4]","[329,5]","[329,10]","[329,11]"
"[317,0]","[317,1]","[326,0]","[326,1]","[326,3]","[326,4]","[330,5]","[330,10]","[330,11]"
"[317,0]","[317,1]","[326,0]","[326,1]","[326,3]","[326,4]","[331,5]","[331,10]","[331,11]"
"[317,0]","[317,1]","[326,0]","[326,1]","[326,3]","[326,4]","[332,5]","[332,10]","[332,11]"
"[317,0]","[317,1]","[326,0]","[326,1]","[326,3]","[326,4]","[333,5]","[333,10]","[333,11]"
"[317,0]","[317,1]","[326,0]","[326,1]","[326,3]","[326,4]","[335,5]",,
"[317,0]","[317,1]","[326,0]","[326,1]","[326,3]","[326,4]","[336,5]",,
"[339,0]","[339,1]","[342,0]","[342,1]","[342,3]",,"[342,5]","[342,10]","[342,11]"
"[339,0]","[339,1]","[343,0]","[343,1]","[343,3]","[343,4]",,,
"[339,0]","[339,1]","[343,0]","[343,1]","[343,3]","[343,4]","[344,5]","[344,10]","[344,11]"
"[339,0]","[339,1]","[343,0]","[343,1]","[343,3]","[343,4]","[345,5]","[345,10]","[345,11]"
"[339,0]","[339,1]","[343,0]","[343,1]","[343,3]","[343,4]","[346,5]","[346,10]","[346,11]"
"[339,0]","[339,1]","[343,0]","[343,1]","[343,3]","[343,4]","[347,5]","[347,10]","[347,11]"
"[339,0]","[339,1]","[343,0]","[343,1]","[343,3]","[343,4]","[348,5]","[348,10]","[348,11]"
"[339,0]","[339,1]","[343,0]","[343,1]","[343,3]","[343,4]","[349,5]","[349,10]","[349,11]"
"[339,0]","[339,1]","[350,0]","[350,1]","[350,3]","[350,4]",,,
"[339,0]","[339,1]","[350,0]","[350,1]","[350,3]","[350,4]","[351,5]","[351,10]","[351,11]"
"[339,0]","[339,1]","[350,0]","[350,1]","[350,3]","[350,4]","[352,5]","[352,10]","[352,11]"
"[339,0]","[339,1]","[350,0]","[350,1]","[350,3]","[350,4]","[353,5]","[353,10]","[353,11]"
"[339,0]","[339,1]","[350,0]","[350,1]","[350,3]","[350,4]","[354,5]","[354,10]","[354,11]"
"[339,0]","[339,1]","[350,0]","[350,1]","[350,3]","[350,4]","[355,5]","[355,10]","[355,11]"
"[339,0]","[339,1]","[356,0]","[356,1]","[356,3]","[356,4]",,,
"[339,0]","[339,1]","[356,0]","[356,1]","[356,3]","[356,4]","[357,5]","[357,10]","[357,11]"
"[339,0]","[339,1]","[356,0]","[356,1]","[356,3]","[356,4]","[358,5]","[358,10]","[358,11]"
"[339,0]","[339,1]","[356,0]","[356,1]","[356,3]","[356,4]","[359,5]","[359,10]","[359,11]"
"[339,0]","[339,1]","[356,0]","[356,1]","[356,3]","[356,4]","[360,5]","[360,10]","[360,11]"
"[339,0]","[339,1]","[356,0]","[356,1]","[356,3]","[356,4]","[361,5]","[361,10]","[361,11]"
"[339,0]","[339,1]","[356,0]","[356,1]","[356,3]","[356,4]","[362,5]","[362,10]","[362,11]"
"[339,0]","[339,1]","[356,0]","[356,1]","[356,3]","[356,4]","[363,5]","[363,10]","[363,11]"
"[339,0]","[339,1]","[356,0]","[356,1]","[356,3]","[356,4]","[365,5]",,
"[339,0]","[339,1]","[356,0]","[356,1]","[356,3]","[356,4]","[366,5]",,
"[369,0]","[369,1]","[372,0]","[372,1]","[372,3]",,"[372,5]","[372,10]","[372,11]"
"[369,0]","[369,1]","[373,0]","[373,1]","[373,3]","[373,4]",,,
"[369,0]","[369,1]","[373,0]","[373,1]","[373,3]","[373,4]","[374,5]","[374,10]","[374,11]"
"[369,0]","[369,1]","[373,0]","[373,1]","[373,3]","[373,4]","[375,5]","[375,10]","[375,11]"
"[369,0]","[369,1]","[373,0]","[373,1]","[373,3]","[373,4]","[376,5]","[376,10]","[376,11]"
"[369,0]","[369,1]","[373,0]","[373,1]","[373,3]","[373,4]","[377,5]","[377,10]","[377,11]"
"[369,0]","[369,1]","[378,0]","[378,1]","[378,3]","[378,4]",,,
"[369,0]","[369,1]","[378,0]","[378,1]","[378,3]","[378,4]","[379,5]","[379,10]","[379,11]"
"[369,0]","[369,1]","[378,0]","[378,1]","[378,3]","[378,4]","[380,5]","[380,10]","[380,11]"
"[369,0]","[369,1]","[378,0]","[378,1]","[378,3]","[378,4]","[381,5]","[381,10]","[381,11]"
"[369,0]","[369,1]","[378,0]","[378,1]","[378,3]","[378,4]","[382,5]","[382,10]","[382,11]"
"[369,0]","[369,1]","[378,0]","[378,1]","[378,3]","[378,4]","[383,5]","[383,10]","[383,11]"
"[369,0]","[369,1]","[384,0]","[384,1]","[384,3]","[384,4]",,,
"[369,0]","[369,1]","[384,0]","[384,1]","[384,3]","[384,4]","[385,5]","[385,10]","[385,11]"
"[369,0]","[369,1]","[384,0]","[384,1]","[384,3]","[384,4]","[386,5]","[386,10]","[386,11]"
"[369,0]","[369,1]","[384,0]","[384,1]","[384,3]","[384,4]","[387,5]","[387,10]","[387,11]"
"[369,0]","[369,1]","[384,0]","[384,1]","[384,3]","[384,4]","[388,5]","[388,10]","[388,11]"
"[369,0]","[369,1]","[384,0]","[384,1]","[384,3]","[384,4]","[389,5]","[389,10]","[389,11]"
"[369,0]","[369,1]","[384,0]","[384,1]","[384,3]","[384,4]","[391,5]",,
"[369,0]","[369,1]","[384,0]","[384,1]","[384,3]","[384,4]","[392,5]",,
"[395,0]","[395,1]","[398,0]","[398,1]","[398,3]",,"[398,5]","[398,10]","[398,11]"
"[395,0]","[395,1]","[399,0]","[399,1]","[399,3]","[399,4]",,,
"[395,0]","[395,1]","[399,0]","[399,1]","[399,3]","[399,4]","[400,5]","[400,10]","[400,11]"
"[395,0]","[395,1]","[399,0]","[399,1]","[399,3]","[399,4]","[401,5]","[401,10]","[401,11]"
"[395,0]","[395,1]","[399,0]","[399,1]","[399,3]","[399,4]","[402,5]","[402,10]","[402,11]"
"[395,0]","[395,1]","[399,0]","[399,1]","[399,3]","[399,4]","[403,5]","[403,10]","[403,11]"
"[395,0]","[395,1]","[404,0]","[404,1]","[404,3]","[404,4]",,,
"[395,0]","[395,1]","[404,0]","[404,1]","[404,3]","[404,4]","[405,5]","[405,10]","[405,11]"
"[395,0]","[395,1]","[404,0]","[404,1]","[404,3]","[404,4]","[406,5]","[406,10]","[406,11]"
"[395,0]","[395,1]","[404,0]","[404,1]","[404,3]","[404,4]","[407,5]","[407,10]","[407,11]"
"[395,0]","[395,1]","[404,0]","[404,1]","[404,3]","[404,4]","[408,5]","[408,10]","[408,11]"
"[395,0]","[395,1]","[404,0]","[404,1]","[404,3]","[404,4]","[409,5]","[409,10]","[409,11]"
"[395,0]","[395,1]","[404,0]","[404,1]","[404,3]","[404,4]","[410,5]","[410,10]","[410,11]"
"[395,0]","[395,1]","[411,0]","[411,1]","[411,3]","[411,4]",,,
"[395,0]","[395,1]","[411,0]","[411,1]","[411,3]","[411,4]","[412,5]","[412,10]","[412,11]"
"[395,0]","[395,1]","[411,0]","[411,1]","[411,3]","[411,4]","[413,5]","[413,10]","[413,11]"
"[395,0]","[395,1]","[411,0]","[411,1]","[411,3]","[411,4]","[414,5]","[414,10]","[414,11]"
"[395,0]","[395,1]","[411,0]","[411,1]","[411,3]","[411,4]","[415,5]","[415,10]","[415,11]"
"[395,0]","[395,1]","[411,0]","[411,1]","[411,3]","[411,4]","[416,5]","[416,10]","[416,11]"
"[395,0]","[395,1]","[411,0]","[411,1]","[411,3]","[411,4]","[417,5]","[417,10]","[417,11]"
"[395,0]","[395,1]","[411,0]","[411,1]","[411,3]","[411,4]","[419,5]",,
"[395,0]","[395,1]","[411,0]","[411,1]","[411,3]","[411,4]","[420,5]",,
"[423,0]","[423,1]","[426,0]","[426,1]","[426,3]",,"[426,5]","[426,10]","[426,11]"
"[423,0]","[423,1]","[427,0]","[427,1]","[427,3]","[427,4]",,,
"[423,0]","[423,1]","[427,0]","[427,1]","[427,3]","[427,4]","[428,5]","[428,10]","[428,11]"
"[423,0]","[423,1]","[427,0]","[427,1]","[427,3]","[427,4]","[429,5]","[429,10]","[429,11]"
"[423,0]","[423,1]","[427,0]","[427,1]","[427,3]","[427,4]","[430,5]","[430,10]","[430,11]"
"[423,0]","[423,1]","[427,0]","[427,1]","[427,3]","[427,4]","[431,5]","[431,10]","[431,11]"
"[423,0]","[423,1]","[427,0]","[427,1]","[427,3]","[427,4]","[432,5]","[432,10]","[432,11]"
"[423,0]","[423,1]","[433,0]","[433,1]","[433,3]","[433,4]",,,
"[423,0]","[423,1]","[433,0]","[433,1]","[433,3]","[433,4]","[434,5]","[434,10]","[434,11]"
"[423,0]","[423,1]","[433,0]","[433,1]","[433,3]","[433,4]","[435,5]","[435,10]","[435,11]"
"[423,0]","[423,1]","[433,0]","[433,1]","[433,3]","[433,4]","[436,5]","[436,10]","[436,11]"
"[423,0]","[423,1]","[433,0]","[433,1]","[433,3]","[433,4]","[437,5]","[437,10]","[437,11]"
"[423,0]","[423,1]","[433,0]","[433,1]","[433,3]","[433,4]","[438,5]","[438,10]","[438,11]"
"[423,0]","[423,1]","[433,0]","[433,1]","[433,3]","[433,4]","[439,5]","[439,10]","[439,11]"
"[423,0]","[423,1]","[440,0]","[440,1]","[440,3]","[440,4]",,,
"[423,0]","[423,1]","[440,0]","[440,1]","[440,3]","[440,4]","[441,5]","[441,10]","[441,11]"
"[423,0]","[423,1]","[440,0]","[440,1]","[440,3]","[440,4]","[442,5]","[442,10]","[442,11]"
"[423,0]","[423,1]","[440,0]","[440,1]","[440,3]","[440,4]","[443,5]","[443,10]","[443,11]"
"[423,0]","[423,1]","[440,0]","[440,1]","[440,3]","[440,4]","[444,5]","[444,10]","[444,11]"
"[423,0]","[423,1]","[440,0]","[440,1]","[440,3]","[440,4]","[445,5]","[445,10]","[445,11]"
"[423,0]","[423,1]","[440,0]","[440,1]","[440,3]","[440,4]","[446,5]","[446,10]","[446,11]"
"[423,0]","[423,1]","[440,0]","[440,1]","[440,3]","[440,4]","[448,5]",,
"[423,0]","[423,1]","[440,0]","[440,1]","[440,3]","[440,4]","[449,5]",,
"[452,0]","[452,1]","[455,0]","[455,1]","[455,3]",,"[455,5]","[455,10]","[455,11]"
"[452,0]","[452,1]","[456,0]","[456,1]","[456,3]","[456,4]",,,
"[452,0]","[452,1]","[456,0]","[456,1]","[456,3]","[456,4]","[457,5]","[457,10]","[457,11]"
"[452,0]","[452,1]","[456,0]","[456,1]","[456,3]","[456,4]","[458,5]","[458,10]","[458,11]"
"[452,0]","[452,1]","[456,0]","[456,1]","[456,3]","[456,4]","[459,5]","[459,10]","[459,11]"
"[452,0]","[452,1]","[456,0]","[456,1]","[456,3]","[456,4]","[460,5]","[460,10]","[460,11]"
"[452,0]","[452,1]","[461,0]","[461,1]","[461,3]","[461,4]",,,
"[452,0]","[452,1]","[461,0]","[461,1]","[461,3]","[461,4]","[462,5]","[462,10]","[462,11]"
"[452,0]","[452,1]","[461,0]","[461,1]","[461,3]","[461,4]","[463,5]","[463,10]","[463,11]"
"[452,0]","[452,1]","[461,0]","[461,1]","[461,3]","[461,4]","[464,5]","[464,10]","[464,11]"
"[452,0]","[452,1]","[461,0]","[461,1]","[461,3]","[461,4]","[465,5]","[465,10]","[465,11]"
"[452,0]","[452,1]","[461,0]","[461,1]","[461,3]","[461,4]","[466,5]","[466,10]","[466,11]"
"[452,0]","[452,1]","[461,0]","[461,1]","[461,3]","[461,4]","[467,5]","[467,10]","[467,11]"
"[452,0]","[452,1]","[468,0]","[468,1]","[468,3]","[468,4]",,,
"[452,0]","[452,1]","[468,0]","[468,1]","[468,3]","[468,4]","[469,5]","[469,10]","[469,11]"
"[452,0]","[452,1]","[468,0]","[468,1]","[468,3]","[468,4]","[470,5]","[470,10]","[470,11]"
"[452,0]","[452,1]","[468,0]","[468,1]","[468,3]","[468,4]","[471,5]","[471,10]","[471,11]"
"[452,0]","[452,1]","[468,0]","[468,1]","[468,3]","[468,4]","[472,5]","[472,10]","[472,11]"
"[452,0]","[452,1]","[468,0]","[468,1]","[468,3]","[468,4]","[473,5]","[473,10]","[473,11]"
"[452,0]","[452,1]","[468,0]","[468,1]","[468,3]","[468,4]","[474,5]","[474,10]","[474,11]"
"[452,0]","[452,1]","[468,0]","[468,1]","[468,3]","[468,4]","[475,5]","[475,10]","[475,11]"
"[452,0]","[452,1]","[476,0]","[476,1]","[476,3]","[476,4]",,,
"[452,0]","[452,1]","[476,0]","[476,1]","[476,3]","[476,4]","[477,5]","[477,10]","[477,11]"
"[452,0]","[452,1]","[476,0]","[476,1]","[476,3]","[476,4]","[478,5]","[478,10]","[478,11]"
"[452,0]","[452,1]","[476,0]","[476,1]","[476,3]","[476,4]","[479,5]","[479,10]","[479,11]"
"[452,0]","[452,1]","[476,0]","[476,1]","[476,3]","[476,4]","[480,5]","[480,10]","[480,11]"
"[452,0]","[452,1]","[476,0]","[476,1]","[476,3]","[476,4]","[481,5]","[481,10]","[481,11]"
"[452,0]","[452,1]","[476,0]","[476,1]","[476,3]","[476,4]","[483,5]",,
"[452,0]","[452,1]","[476,0]","[476,1]","[476,3]","[476,4]","[484,5]",,
"[487,0]","[487,1]","[490,0]","[490,1]","[490,3]",,"[490,5]","[490,10]","[490,11]"
"[487,0]","[487,1]","[491,0]","[491,1]","[491,3]","[491,4]",,,
"[487,0]","[487,1]","[491,0]","[491,1]","[491,3]","[491,4]","[492,5]","[492,10]","[492,11]"
"[487,0]","[487,1]","[491,0]","[491,1]","[491,3]","[491,4]","[493,5]","[493,10]","[493,11]"
"[487,0]","[487,1]","[491,0]","[491,1]","[491,3]","[491,4]","[494,5]","[494,10]","[494,11]"
"[487,0]","[487,1]","[491,0]","[491,1]","[491,3]","[491,4]","[495,5]","[495,10]","[495,11]"
"[487,0]","[487,1]","[491,0]","[491,1]","[491,3]","[491,4]","[496,5]","[496,10]","[496,11]"
"[487,0]","[487,1]","[491,0]","[491,1]","[491,3]","[491,4]","[497,5]","[497,10]","[497,11]"
"[487,0]","[487,1]","[491,0]","[491,1]","[491,3]","[491,4]","[498,5]","[498,10]","[498,11]"
"[487,0]","[487,1]","[491,0]","[491,1]","[491,3]","[491,4]","[499,5]","[499,10]","[499,11]"
"[487,0]","[487,1]","[491,0]","[491,1]","[491,3]","[491,4]","[501,5]",,
"[487,0]","[487,1]","[491,0]","[491,1]","[491,3]","[491,4]","[502,5]",,
"[505,0]","[505,1]","[508,0]","[508,1]","[508,3]",,"[508,5]","[508,10]","[508,11]"
"[505,0]","[505,1]","[509,0]","[509,1]","[509,3]","[509,4]",,,
"[505,0]","[505,1]","[509,0]","[509,1]","[509,3]","[509,4]","[510,5]","[510,10]","[510,11]"
"[505,0]","[505,1]","[509,0]","[509,1]","[509,3]","[509,4]","[511,5]","[511,10]","[511,11]"
"[505,0]","[505,1]","[509,0]","[509,1]","[509,3]","[509,4]","[512,5]","[512,10]","[512,11]"
"[505,0]","[505,1]","[509,0]","[509,1]","[509,3]","[509,4]","[513,5]","[513,10]","[513,11]"
"[505,0]","[505,1]","[514,0]","[514,1]","[514,3]","[514,4]",,,
"[505,0]","[505,1]","[514,0]","[514,1]","[514,3]","[514,4]","[515,5]","[515,10]","[515,11]"
"[505,0]","[505,1]","[514,0]","[514,1]","[514,3]","[514,4]","[516,5]","[516,10]","[516,11]"
"[505,0]","[505,1]","[514,0]","[514,1]","[514,3]","[514,4]","[517,5]","[517,10]","[517,11]"
"[505,0]","[505,1]","[514,0]","[514,1]","[514,3]","[514,4]","[518,5]","[518,10]","[518,11]"
"[505,0]","[505,1]","[519,0]","[519,1]","[519,3]","[519,4]",,,
"[505,0]","[505,1]","[519,0]","[519,1]","[519,3]","[519,4]","[520,5]","[520,10]","[520,11]"
"[505,0]","[505,1]","[519,0]","[519,1]","[519,3]","[519,4]","[521,5]","[521,10]","[521,11]"
"[505,0]","[505,1]","[519,0]","[519,1]","[519,3]","[519,4]","[522,5]","[522,10]","[522,11]"
"[505,0]","[505,1]","[519,0]","[519,1]","[519,3]","[519,4]","[523,5]","[523,10]","[523,11]"
"[505,0]","[505,1]","[519,0]","[519,1]","[519,3]","[519,4]","[524,5]","[524,10]","[524,11]"
"[505,0]","[505,1]","[525,0]","[525,1]","[525,3]","[525,4]",,,
"[505,0]","[505,1]","[525,0]","[525,1]","[525,3]","[525,4]","[526,5]","[526,10]","[526,11]"
"[505,0]","[505,1]","[525,0]","[525,1]","[525,3]","[525,4]","[527,5]","[527,10]","[527,11]"
"[505,0]","[505,1]","[525,0]","[525,1]","[525,3]","[525,4]","[528,5]","[528,10]","[528,11]"
"[505,0]","[505,1]","[525,0]","[525,1]","[525,3]","[525,4]","[529,5]","[529,10]","[529,11]"
"[505,0]","[505,1]","[525,0]","[525,1]","[525,3]","[525,4]","[530,5]","[530,10]","[530,11]"
"[505,0]","[505,1]","[525,0]","[525,1]","[525,3]","[525,4]","[531,5]","[531,10]","[531,11]"
"[505,0]","[505,1]","[525,0]","[525,1]","[525,3]","[525,4]","[532,5]","[532,10]","[532,11]"
